SEF	1.0.0						
ID	Kharkiv_university						
Name	Kharkiv, university						
Lat	50						
Lon	36.2333						
Alt	140						
Source	UA-UHMI						
Link	https://doi.org/10.15407/uhmi.report.01						
Vbl	p						
Stat	point						
Units	hPa						
Meta	Observer=NA|PTC=Y|PGC=Y						
Year	Month	Day	Hour	Minute	Period	Value	Meta
1840	4	13	3	35	0	990	orig=586.25R.s.l.|orig.time=6:00AM|orig.date=1840-04-01|atb=13.33R
1840	4	13	5	35	0	988.6	orig=585.43R.s.l.|orig.time=8:00AM|orig.date=1840-04-01|atb=13.33R
1840	4	13	7	35	0	991.1	orig=586.93R.s.l.|orig.time=10:00AM|orig.date=1840-04-01|atb=13.33R
1840	4	13	9	35	0	991	orig=586.86R.s.l.|orig.time=noon|orig.date=1840-04-01|atb=13.33R
1840	4	13	11	35	0	991.3	orig=587R.s.l.|orig.time=2:00PM|orig.date=1840-04-01|atb=13.33R
1840	4	13	13	35	0	991.3	orig=587R.s.l.|orig.time=4:00PM|orig.date=1840-04-01|atb=13.33R
1840	4	13	15	35	0	992.2	orig=587.53R.s.l.|orig.time=6:00PM|orig.date=1840-04-01|atb=13.33R
1840	4	13	17	35	0	990.3	orig=586.46R.s.l.|orig.time=8:00PM|orig.date=1840-04-01|atb=13.33R
1840	4	13	19	35	0	990.3	orig=586.46R.s.l.|orig.time=10:00PM|orig.date=1840-04-01|atb=13.33R
1840	4	14	3	35	0	990.1	orig=586.33R.s.l.|orig.time=6:00AM|orig.date=1840-04-02|atb=13.33R
1840	4	14	5	35	0	990.5	orig=586.53R.s.l.|orig.time=8:00AM|orig.date=1840-04-02|atb=13.33R
1840	4	14	7	35	0	989.6	orig=586R.s.l.|orig.time=10:00AM|orig.date=1840-04-02|atb=13.33R
1840	4	14	9	35	0	989.6	orig=586R.s.l.|orig.time=noon|orig.date=1840-04-02|atb=13.33R
1840	4	14	11	35	0	989.4	orig=585.9R.s.l.|orig.time=2:00PM|orig.date=1840-04-02|atb=13.33R
1840	4	14	13	35	0	989.4	orig=585.9R.s.l.|orig.time=4:00PM|orig.date=1840-04-02|atb=13.33R
1840	4	14	15	35	0	989.8	orig=586.13R.s.l.|orig.time=6:00PM|orig.date=1840-04-02|atb=13.33R
1840	4	14	17	35	0	987.9	orig=584.99R.s.l.|orig.time=8:00PM|orig.date=1840-04-02|atb=13.33R
1840	4	14	19	35	0	987	orig=584.48R.s.l.|orig.time=10:00PM|orig.date=1840-04-02|atb=13.33R
1840	4	15	3	35	0	987.2	orig=584.58R.s.l.|orig.time=6:00AM|orig.date=1840-04-03|atb=13.33R
1840	4	15	5	35	0	988.8	orig=585.53R.s.l.|orig.time=8:00AM|orig.date=1840-04-03|atb=13.33R
1840	4	15	7	35	0	990.7	orig=586.66R.s.l.|orig.time=10:00AM|orig.date=1840-04-03|atb=13.33R
1840	4	15	9	35	0	990.7	orig=586.66R.s.l.|orig.time=noon|orig.date=1840-04-03|atb=13.33R
1840	4	15	11	35	0	987.2	orig=584.59R.s.l.|orig.time=2:00PM|orig.date=1840-04-03|atb=13.33R
1840	4	15	13	35	0	987.1	orig=584.52R.s.l.|orig.time=4:00PM|orig.date=1840-04-03|atb=13.33R
1840	4	15	15	35	0	987.1	orig=584.52R.s.l.|orig.time=6:00PM|orig.date=1840-04-03|atb=13.33R
1840	4	15	17	35	0	987.4	orig=584.72R.s.l.|orig.time=8:00PM|orig.date=1840-04-03|atb=13.33R
1840	4	15	19	35	0	987.4	orig=584.72R.s.l.|orig.time=10:00PM|orig.date=1840-04-03|atb=13.33R
1840	4	16	3	35	0	985.5	orig=583.58R.s.l.|orig.time=6:00AM|orig.date=1840-04-04|atb=13.33R
1840	4	16	5	35	0	986.6	orig=584.24R.s.l.|orig.time=8:00AM|orig.date=1840-04-04|atb=13.33R
1840	4	16	7	35	0	985.5	orig=583.58R.s.l.|orig.time=10:00AM|orig.date=1840-04-04|atb=13.33R
1840	4	16	9	35	0	986.4	orig=584.12R.s.l.|orig.time=noon|orig.date=1840-04-04|atb=13.33R
1840	4	16	11	35	0	986.2	orig=583.98R.s.l.|orig.time=2:00PM|orig.date=1840-04-04|atb=13.33R
1840	4	16	13	35	0	985.5	orig=583.58R.s.l.|orig.time=4:00PM|orig.date=1840-04-04|atb=13.33R
1840	4	16	15	35	0	986.5	orig=584.16R.s.l.|orig.time=6:00PM|orig.date=1840-04-04|atb=13.33R
1840	4	16	17	35	0	986.1	orig=583.96R.s.l.|orig.time=8:00PM|orig.date=1840-04-04|atb=13.33R
1840	4	16	19	35	0	1020.1	orig=604.1R.s.l.|orig.time=10:00PM|orig.date=1840-04-04|atb=13.33R
1840	4	17	3	35	0	983.8	orig=582.56R.s.l.|orig.time=6:00AM|orig.date=1840-04-05|atb=13.33R
1840	4	17	5	35	0	983.8	orig=582.56R.s.l.|orig.time=8:00AM|orig.date=1840-04-05|atb=13.33R
1840	4	17	7	35	0	981.9	orig=581.44R.s.l.|orig.time=10:00AM|orig.date=1840-04-05|atb=13.33R
1840	4	17	9	35	0	982.2	orig=581.64R.s.l.|orig.time=noon|orig.date=1840-04-05|atb=13.33R
1840	4	17	11	35	0	982.2	orig=581.64R.s.l.|orig.time=2:00PM|orig.date=1840-04-05|atb=13.33R
1840	4	17	13	35	0	982.2	orig=581.64R.s.l.|orig.time=4:00PM|orig.date=1840-04-05|atb=13.33R
1840	4	17	15	35	0	982.2	orig=581.64R.s.l.|orig.time=6:00PM|orig.date=1840-04-05|atb=13.33R
1840	4	17	17	35	0	1020.1	orig=604.1R.s.l.|orig.time=8:00PM|orig.date=1840-04-05|atb=13.33R
1840	4	17	19	35	0	1020.1	orig=604.1R.s.l.|orig.time=10:00PM|orig.date=1840-04-05|atb=13.33R
1840	4	18	3	35	0	1020.1	orig=604.1R.s.l.|orig.time=6:00AM|orig.date=1840-04-06|atb=13.33R
1840	4	18	5	35	0	983.2	orig=582.24R.s.l.|orig.time=8:00AM|orig.date=1840-04-06|atb=13.33R
1840	4	18	7	35	0	983.7	orig=582.52R.s.l.|orig.time=10:00AM|orig.date=1840-04-06|atb=13.33R
1840	4	18	9	35	0	996.2	orig=589.92R.s.l.|orig.time=noon|orig.date=1840-04-06|atb=13.33R
1840	4	18	11	35	0	985.5	orig=583.6R.s.l.|orig.time=2:00PM|orig.date=1840-04-06|atb=13.33R
1840	4	18	13	35	0	986.2	orig=584R.s.l.|orig.time=4:00PM|orig.date=1840-04-06|atb=13.33R
1840	4	18	15	35	0	986.2	orig=584R.s.l.|orig.time=6:00PM|orig.date=1840-04-06|atb=13.33R
1840	4	18	17	35	0	986.2	orig=584R.s.l.|orig.time=8:00PM|orig.date=1840-04-06|atb=13.33R
1840	4	18	19	35	0	986.4	orig=584.12R.s.l.|orig.time=10:00PM|orig.date=1840-04-06|atb=13.33R
1840	4	19	3	35	0	983.8	orig=582.58R.s.l.|orig.time=6:00AM|orig.date=1840-04-07|atb=13.33R
1840	4	19	5	35	0	986.1	orig=583.92R.s.l.|orig.time=8:00AM|orig.date=1840-04-07|atb=13.33R
1840	4	19	7	35	0	985.4	orig=583.52R.s.l.|orig.time=10:00AM|orig.date=1840-04-07|atb=13.33R
1840	4	19	9	35	0	985.9	orig=583.85R.s.l.|orig.time=noon|orig.date=1840-04-07|atb=13.33R
1840	4	19	11	35	0	985.3	orig=583.45R.s.l.|orig.time=2:00PM|orig.date=1840-04-07|atb=13.33R
1840	4	19	13	35	0	986.2	orig=584R.s.l.|orig.time=4:00PM|orig.date=1840-04-07|atb=13.33R
1840	4	19	15	35	0	986.2	orig=584R.s.l.|orig.time=6:00PM|orig.date=1840-04-07|atb=13.33R
1840	4	19	17	35	0	986.4	orig=584.12R.s.l.|orig.time=8:00PM|orig.date=1840-04-07|atb=13.33R
1840	4	19	19	35	0	986.1	orig=583.92R.s.l.|orig.time=10:00PM|orig.date=1840-04-07|atb=13.33R
1840	4	20	3	35	0	986.5	orig=584.18R.s.l.|orig.time=6:00AM|orig.date=1840-04-08|atb=13.33R
1840	4	20	5	35	0	986.9	orig=584.4R.s.l.|orig.time=8:00AM|orig.date=1840-04-08|atb=13.33R
1840	4	20	7	35	0	987.1	orig=584.54R.s.l.|orig.time=10:00AM|orig.date=1840-04-08|atb=13.33R
1840	4	20	9	35	0	987	orig=584.48R.s.l.|orig.time=noon|orig.date=1840-04-08|atb=13.33R
1840	4	20	11	35	0	987	orig=584.48R.s.l.|orig.time=2:00PM|orig.date=1840-04-08|atb=13.33R
1840	4	20	13	35	0	986.6	orig=584.22R.s.l.|orig.time=4:00PM|orig.date=1840-04-08|atb=13.33R
1840	4	20	15	35	0	987	orig=584.48R.s.l.|orig.time=6:00PM|orig.date=1840-04-08|atb=13.33R
1840	4	20	17	35	0	986.9	orig=584.4R.s.l.|orig.time=8:00PM|orig.date=1840-04-08|atb=13.33R
1840	4	20	19	35	0	986.5	orig=584.2R.s.l.|orig.time=10:00PM|orig.date=1840-04-08|atb=13.33R
1840	4	21	3	35	0	986.6	orig=584.25R.s.l.|orig.time=6:00AM|orig.date=1840-04-09|atb=13.33R
1840	4	21	5	35	0	986.8	orig=584.34R.s.l.|orig.time=8:00AM|orig.date=1840-04-09|atb=13.33R
1840	4	21	7	35	0	987	orig=584.48R.s.l.|orig.time=10:00AM|orig.date=1840-04-09|atb=13.33R
1840	4	21	9	35	0	986.8	orig=584.34R.s.l.|orig.time=noon|orig.date=1840-04-09|atb=13.33R
1840	4	21	11	35	0	987	orig=584.48R.s.l.|orig.time=2:00PM|orig.date=1840-04-09|atb=13.33R
1840	4	21	13	35	0	987.2	orig=584.6R.s.l.|orig.time=4:00PM|orig.date=1840-04-09|atb=13.33R
1840	4	21	15	35	0	986.6	orig=584.25R.s.l.|orig.time=6:00PM|orig.date=1840-04-09|atb=13.33R
1840	4	21	17	35	0	986.9	orig=584.45R.s.l.|orig.time=8:00PM|orig.date=1840-04-09|atb=13.33R
1840	4	21	19	35	0	986.7	orig=584.32R.s.l.|orig.time=10:00PM|orig.date=1840-04-09|atb=13.33R
1840	4	22	3	35	0	986.7	orig=584.32R.s.l.|orig.time=6:00AM|orig.date=1840-04-10|atb=13.33R
1840	4	22	5	35	0	987.2	orig=584.6R.s.l.|orig.time=8:00AM|orig.date=1840-04-10|atb=13.33R
1840	4	22	7	35	0	988.1	orig=585.14R.s.l.|orig.time=10:00AM|orig.date=1840-04-10|atb=13.33R
1840	4	22	9	35	0	988.5	orig=585.34R.s.l.|orig.time=noon|orig.date=1840-04-10|atb=13.33R
1840	4	22	11	35	0	988.5	orig=585.34R.s.l.|orig.time=2:00PM|orig.date=1840-04-10|atb=13.33R
1840	4	22	13	35	0	988.5	orig=585.34R.s.l.|orig.time=4:00PM|orig.date=1840-04-10|atb=13.33R
1840	4	22	15	35	0	987.9	orig=585R.s.l.|orig.time=6:00PM|orig.date=1840-04-10|atb=13.33R
1840	4	22	17	35	0	986.9	orig=584.4R.s.l.|orig.time=8:00PM|orig.date=1840-04-10|atb=13.33R
1840	4	22	19	35	0	986.9	orig=584.4R.s.l.|orig.time=10:00PM|orig.date=1840-04-10|atb=13.33R
1840	4	23	3	35	0	988.7	orig=585.46R.s.l.|orig.time=6:00AM|orig.date=1840-04-11|atb=13.33R
1840	4	23	5	35	0	987.4	orig=584.74R.s.l.|orig.time=8:00AM|orig.date=1840-04-11|atb=13.33R
1840	4	23	7	35	0	987.4	orig=584.74R.s.l.|orig.time=10:00AM|orig.date=1840-04-11|atb=13.33R
1840	4	23	9	35	0	987.3	orig=584.64R.s.l.|orig.time=noon|orig.date=1840-04-11|atb=13.33R
1840	4	23	11	35	0	985.5	orig=583.6R.s.l.|orig.time=2:00PM|orig.date=1840-04-11|atb=13.33R
1840	4	23	13	35	0	986.2	orig=584R.s.l.|orig.time=4:00PM|orig.date=1840-04-11|atb=13.33R
1840	4	23	15	35	0	985.9	orig=583.8R.s.l.|orig.time=6:00PM|orig.date=1840-04-11|atb=13.33R
1840	4	23	17	35	0	985.3	orig=583.45R.s.l.|orig.time=8:00PM|orig.date=1840-04-11|atb=13.33R
1840	4	23	19	35	0	985.9	orig=583.85R.s.l.|orig.time=10:00PM|orig.date=1840-04-11|atb=13.33R
1840	4	24	3	35	0	987.1	orig=584.52R.s.l.|orig.time=6:00AM|orig.date=1840-04-12|atb=13.33R
1840	4	24	5	35	0	987.1	orig=584.52R.s.l.|orig.time=8:00AM|orig.date=1840-04-12|atb=13.33R
1840	4	24	7	35	0	987.3	orig=584.65R.s.l.|orig.time=10:00AM|orig.date=1840-04-12|atb=13.33R
1840	4	24	9	35	0	988.6	orig=585.4R.s.l.|orig.time=noon|orig.date=1840-04-12|atb=13.33R
1840	4	24	11	35	0	990.5	orig=586.53R.s.l.|orig.time=2:00PM|orig.date=1840-04-12|atb=13.33R
1840	4	24	13	35	0	993	orig=588.05R.s.l.|orig.time=4:00PM|orig.date=1840-04-12|atb=13.33R
1840	4	24	15	35	0	993	orig=588.05R.s.l.|orig.time=6:00PM|orig.date=1840-04-12|atb=13.33R
1840	4	24	17	35	0	993	orig=588.05R.s.l.|orig.time=8:00PM|orig.date=1840-04-12|atb=13.33R
1840	4	24	19	35	0	992.9	orig=588R.s.l.|orig.time=10:00PM|orig.date=1840-04-12|atb=13.33R
1840	4	25	3	35	0	990.6	orig=586.59R.s.l.|orig.time=6:00AM|orig.date=1840-04-13|atb=13.33R
1840	4	25	5	35	0	986.4	orig=584.13R.s.l.|orig.time=8:00AM|orig.date=1840-04-13|atb=13.33R
1840	4	25	7	35	0	987	orig=584.46R.s.l.|orig.time=10:00AM|orig.date=1840-04-13|atb=13.33R
1840	4	25	9	35	0	993	orig=588.05R.s.l.|orig.time=noon|orig.date=1840-04-13|atb=13.33R
1840	4	25	11	35	0	993	orig=588.05R.s.l.|orig.time=2:00PM|orig.date=1840-04-13|atb=13.33R
1840	4	25	13	35	0	993.4	orig=588.25R.s.l.|orig.time=4:00PM|orig.date=1840-04-13|atb=13.33R
1840	4	25	15	35	0	993	orig=588.05R.s.l.|orig.time=6:00PM|orig.date=1840-04-13|atb=13.33R
1840	4	25	17	35	0	993	orig=588.05R.s.l.|orig.time=8:00PM|orig.date=1840-04-13|atb=13.33R
1840	4	25	19	35	0	993	orig=588.02R.s.l.|orig.time=10:00PM|orig.date=1840-04-13|atb=13.33R
1840	4	26	3	35	0	986.8	orig=584.34R.s.l.|orig.time=6:00AM|orig.date=1840-04-14|atb=13.33R
1840	4	26	5	35	0	986.9	orig=584.43R.s.l.|orig.time=8:00AM|orig.date=1840-04-14|atb=13.33R
1840	4	26	7	35	0	993.2	orig=588.16R.s.l.|orig.time=10:00AM|orig.date=1840-04-14|atb=13.33R
1840	4	26	9	35	0	993.6	orig=588.36R.s.l.|orig.time=noon|orig.date=1840-04-14|atb=13.33R
1840	4	26	11	35	0	993.8	orig=588.5R.s.l.|orig.time=2:00PM|orig.date=1840-04-14|atb=13.33R
1840	4	26	13	35	0	993.6	orig=588.4R.s.l.|orig.time=4:00PM|orig.date=1840-04-14|atb=13.33R
1840	4	26	15	35	0	993.9	orig=588.56R.s.l.|orig.time=6:00PM|orig.date=1840-04-14|atb=13.33R
1840	4	26	17	35	0	993.8	orig=588.49R.s.l.|orig.time=8:00PM|orig.date=1840-04-14|atb=13.33R
1840	4	26	19	35	0	993.8	orig=588.49R.s.l.|orig.time=10:00PM|orig.date=1840-04-14|atb=13.33R
1840	4	27	3	35	0	993	orig=588.05R.s.l.|orig.time=6:00AM|orig.date=1840-04-15|atb=13.33R
1840	4	27	5	35	0	993.3	orig=588.23R.s.l.|orig.time=8:00AM|orig.date=1840-04-15|atb=13.33R
1840	4	27	7	35	0	993.6	orig=588.36R.s.l.|orig.time=10:00AM|orig.date=1840-04-15|atb=13.33R
1840	4	27	9	35	0	993.6	orig=588.36R.s.l.|orig.time=noon|orig.date=1840-04-15|atb=13.33R
1840	4	27	11	35	0	993.1	orig=588.1R.s.l.|orig.time=2:00PM|orig.date=1840-04-15|atb=13.33R
1840	4	27	13	35	0	991.7	orig=587.24R.s.l.|orig.time=4:00PM|orig.date=1840-04-15|atb=13.33R
1840	4	27	15	35	0	991.5	orig=587.16R.s.l.|orig.time=6:00PM|orig.date=1840-04-15|atb=13.33R
1840	4	27	17	35	0	990.7	orig=586.69R.s.l.|orig.time=8:00PM|orig.date=1840-04-15|atb=13.33R
1840	4	27	19	35	0	989.6	orig=586R.s.l.|orig.time=10:00PM|orig.date=1840-04-15|atb=13.33R
1840	4	28	3	35	0	986.9	orig=584.4R.s.l.|orig.time=6:00AM|orig.date=1840-04-16|atb=13.33R
1840	4	28	5	35	0	986.3	orig=584.09R.s.l.|orig.time=8:00AM|orig.date=1840-04-16|atb=13.33R
1840	4	28	7	35	0	986.5	orig=584.16R.s.l.|orig.time=10:00AM|orig.date=1840-04-16|atb=13.33R
1840	4	28	9	35	0	984.6	orig=583.04R.s.l.|orig.time=noon|orig.date=1840-04-16|atb=13.33R
1840	4	28	11	35	0	984.8	orig=583.18R.s.l.|orig.time=2:00PM|orig.date=1840-04-16|atb=13.33R
1840	4	28	13	35	0	984.6	orig=583.04R.s.l.|orig.time=4:00PM|orig.date=1840-04-16|atb=13.33R
1840	4	28	15	35	0	984.3	orig=582.9R.s.l.|orig.time=6:00PM|orig.date=1840-04-16|atb=13.33R
1840	4	28	17	35	0	983.5	orig=582.4R.s.l.|orig.time=8:00PM|orig.date=1840-04-16|atb=13.33R
1840	4	28	19	35	0	983.5	orig=582.4R.s.l.|orig.time=10:00PM|orig.date=1840-04-16|atb=13.33R
1840	4	29	3	35	0	984	orig=582.68R.s.l.|orig.time=6:00AM|orig.date=1840-04-17|atb=13.33R
1840	4	29	5	35	0	984.3	orig=582.88R.s.l.|orig.time=8:00AM|orig.date=1840-04-17|atb=13.33R
1840	4	29	7	35	0	984.9	orig=583.22R.s.l.|orig.time=10:00AM|orig.date=1840-04-17|atb=13.33R
1840	4	29	9	35	0	984.9	orig=583.22R.s.l.|orig.time=noon|orig.date=1840-04-17|atb=13.33R
1840	4	29	11	35	0	985.8	orig=583.76R.s.l.|orig.time=2:00PM|orig.date=1840-04-17|atb=13.33R
1840	4	29	13	35	0	986.1	orig=583.96R.s.l.|orig.time=4:00PM|orig.date=1840-04-17|atb=13.33R
1840	4	29	15	35	0	986.1	orig=583.96R.s.l.|orig.time=6:00PM|orig.date=1840-04-17|atb=13.33R
1840	4	29	17	35	0	985.6	orig=583.68R.s.l.|orig.time=8:00PM|orig.date=1840-04-17|atb=13.33R
1840	4	29	19	35	0	985	orig=583.28R.s.l.|orig.time=10:00PM|orig.date=1840-04-17|atb=13.33R
1840	4	30	3	35	0	984.2	orig=582.85R.s.l.|orig.time=6:00AM|orig.date=1840-04-18|atb=13.33R
1840	4	30	5	35	0	984.2	orig=582.85R.s.l.|orig.time=8:00AM|orig.date=1840-04-18|atb=13.33R
1840	4	30	7	35	0	984.2	orig=582.8R.s.l.|orig.time=10:00AM|orig.date=1840-04-18|atb=13.33R
1840	4	30	9	35	0	984.4	orig=582.94R.s.l.|orig.time=noon|orig.date=1840-04-18|atb=13.33R
1840	4	30	11	35	0	985.7	orig=583.69R.s.l.|orig.time=2:00PM|orig.date=1840-04-18|atb=13.33R
1840	4	30	13	35	0	986.1	orig=583.94R.s.l.|orig.time=4:00PM|orig.date=1840-04-18|atb=13.33R
1840	4	30	15	35	0	984.9	orig=583.22R.s.l.|orig.time=6:00PM|orig.date=1840-04-18|atb=13.33R
1840	4	30	17	35	0	985.1	orig=583.34R.s.l.|orig.time=8:00PM|orig.date=1840-04-18|atb=13.33R
1840	4	30	19	35	0	985.2	orig=583.4R.s.l.|orig.time=10:00PM|orig.date=1840-04-18|atb=13.33R
1840	5	1	3	35	0	983.8	orig=582.58R.s.l.|orig.time=6:00AM|orig.date=1840-04-19|atb=13.33R
1840	5	1	5	35	0	983.1	orig=582.18R.s.l.|orig.time=8:00AM|orig.date=1840-04-19|atb=13.33R
1840	5	1	7	35	0	981.4	orig=581.18R.s.l.|orig.time=10:00AM|orig.date=1840-04-19|atb=13.33R
1840	5	1	9	35	0	981.4	orig=581.18R.s.l.|orig.time=noon|orig.date=1840-04-19|atb=13.33R
1840	5	1	11	35	0	981.8	orig=581.4R.s.l.|orig.time=2:00PM|orig.date=1840-04-19|atb=13.33R
1840	5	1	13	35	0	981.8	orig=581.4R.s.l.|orig.time=4:00PM|orig.date=1840-04-19|atb=13.33R
1840	5	1	15	35	0	981.8	orig=581.4R.s.l.|orig.time=6:00PM|orig.date=1840-04-19|atb=13.33R
1840	5	1	17	35	0	981.8	orig=581.4R.s.l.|orig.time=8:00PM|orig.date=1840-04-19|atb=13.33R
1840	5	1	19	35	0	982.2	orig=581.65R.s.l.|orig.time=10:00PM|orig.date=1840-04-19|atb=13.33R
1840	5	2	3	35	0	981.3	orig=581.12R.s.l.|orig.time=6:00AM|orig.date=1840-04-20|atb=13.33R
1840	5	2	5	35	0	981.9	orig=581.45R.s.l.|orig.time=8:00AM|orig.date=1840-04-20|atb=13.33R
1840	5	2	7	35	0	982.1	orig=581.6R.s.l.|orig.time=10:00AM|orig.date=1840-04-20|atb=13.33R
1840	5	2	9	35	0	982.4	orig=581.74R.s.l.|orig.time=noon|orig.date=1840-04-20|atb=13.33R
1840	5	2	11	35	0	982.4	orig=581.74R.s.l.|orig.time=2:00PM|orig.date=1840-04-20|atb=13.33R
1840	5	2	13	35	0	982.9	orig=582.08R.s.l.|orig.time=4:00PM|orig.date=1840-04-20|atb=13.33R
1840	5	2	15	35	0	983.5	orig=582.4R.s.l.|orig.time=6:00PM|orig.date=1840-04-20|atb=13.33R
1840	5	2	17	35	0	982.5	orig=581.8R.s.l.|orig.time=8:00PM|orig.date=1840-04-20|atb=13.33R
1840	5	2	19	35	0	982.2	orig=581.65R.s.l.|orig.time=10:00PM|orig.date=1840-04-20|atb=13.33R
1840	5	3	3	35	0	981.3	orig=581.12R.s.l.|orig.time=6:00AM|orig.date=1840-04-21|atb=13.33R
1840	5	3	5	35	0	981.3	orig=581.12R.s.l.|orig.time=8:00AM|orig.date=1840-04-21|atb=13.33R
1840	5	3	7	35	0	981.9	orig=581.45R.s.l.|orig.time=10:00AM|orig.date=1840-04-21|atb=13.33R
1840	5	3	9	35	0	987.9	orig=585R.s.l.|orig.time=noon|orig.date=1840-04-21|atb=13.33R
1840	5	3	11	35	0	983.4	orig=582.34R.s.l.|orig.time=2:00PM|orig.date=1840-04-21|atb=13.33R
1840	5	3	13	35	0	983.4	orig=582.34R.s.l.|orig.time=4:00PM|orig.date=1840-04-21|atb=13.33R
1840	5	3	15	35	0	981.1	orig=581R.s.l.|orig.time=6:00PM|orig.date=1840-04-21|atb=13.33R
1840	5	3	17	35	0	981.1	orig=581R.s.l.|orig.time=8:00PM|orig.date=1840-04-21|atb=13.33R
1840	5	3	19	35	0	982.9	orig=582.05R.s.l.|orig.time=10:00PM|orig.date=1840-04-21|atb=13.33R
1840	5	4	3	35	0	983.2	orig=582.22R.s.l.|orig.time=6:00AM|orig.date=1840-04-22|atb=13.33R
1840	5	4	5	35	0	983.5	orig=582.4R.s.l.|orig.time=8:00AM|orig.date=1840-04-22|atb=13.33R
1840	5	4	7	35	0	983.5	orig=582.4R.s.l.|orig.time=10:00AM|orig.date=1840-04-22|atb=13.33R
1840	5	4	9	35	0	983.5	orig=582.4R.s.l.|orig.time=noon|orig.date=1840-04-22|atb=13.33R
1840	5	4	11	35	0	985.2	orig=583.4R.s.l.|orig.time=2:00PM|orig.date=1840-04-22|atb=13.33R
1840	5	4	13	35	0	985.1	orig=583.34R.s.l.|orig.time=4:00PM|orig.date=1840-04-22|atb=13.33R
1840	5	4	15	35	0	984.2	orig=582.8R.s.l.|orig.time=6:00PM|orig.date=1840-04-22|atb=13.33R
1840	5	4	17	35	0	983.5	orig=582.4R.s.l.|orig.time=8:00PM|orig.date=1840-04-22|atb=13.33R
1840	5	4	19	35	0	983.6	orig=582.45R.s.l.|orig.time=10:00PM|orig.date=1840-04-22|atb=13.33R
1840	5	5	3	35	0	984.7	orig=583.12R.s.l.|orig.time=6:00AM|orig.date=1840-04-23|atb=13.33R
1840	5	5	5	35	0	984.8	orig=583.2R.s.l.|orig.time=8:00AM|orig.date=1840-04-23|atb=13.33R
1840	5	5	7	35	0	984.8	orig=583.2R.s.l.|orig.time=10:00AM|orig.date=1840-04-23|atb=13.33R
1840	5	5	9	35	0	984.2	orig=582.8R.s.l.|orig.time=noon|orig.date=1840-04-23|atb=13.33R
1840	5	5	11	35	0	985.2	orig=583.4R.s.l.|orig.time=2:00PM|orig.date=1840-04-23|atb=13.33R
1840	5	5	13	35	0	985.2	orig=583.4R.s.l.|orig.time=4:00PM|orig.date=1840-04-23|atb=13.33R
1840	5	5	15	35	0	985.6	orig=583.68R.s.l.|orig.time=6:00PM|orig.date=1840-04-23|atb=13.33R
1840	5	5	17	35	0	983.5	orig=582.4R.s.l.|orig.time=8:00PM|orig.date=1840-04-23|atb=13.33R
1840	5	5	19	35	0	984.4	orig=582.92R.s.l.|orig.time=10:00PM|orig.date=1840-04-23|atb=13.33R
1840	5	6	3	35	0	984.2	orig=582.85R.s.l.|orig.time=6:00AM|orig.date=1840-04-24|atb=13.33R
1840	5	6	5	35	0	984.2	orig=582.85R.s.l.|orig.time=8:00AM|orig.date=1840-04-24|atb=13.33R
1840	5	6	7	35	0	986.9	orig=584.4R.s.l.|orig.time=10:00AM|orig.date=1840-04-24|atb=13.33R
1840	5	6	9	35	0	985.2	orig=583.4R.s.l.|orig.time=noon|orig.date=1840-04-24|atb=13.33R
1840	5	6	11	35	0	984.7	orig=583.12R.s.l.|orig.time=2:00PM|orig.date=1840-04-24|atb=13.33R
1840	5	6	13	35	0	984.9	orig=583.25R.s.l.|orig.time=4:00PM|orig.date=1840-04-24|atb=13.33R
1840	5	6	15	35	0	984.9	orig=583.25R.s.l.|orig.time=6:00PM|orig.date=1840-04-24|atb=13.33R
1840	5	6	17	35	0	984.9	orig=583.25R.s.l.|orig.time=8:00PM|orig.date=1840-04-24|atb=13.33R
1840	5	6	19	35	0	985.3	orig=583.45R.s.l.|orig.time=10:00PM|orig.date=1840-04-24|atb=13.33R
1840	5	7	3	35	0	983.2	orig=582.22R.s.l.|orig.time=6:00AM|orig.date=1840-04-25|atb=13.33R
1840	5	7	5	35	0	983.2	orig=582.22R.s.l.|orig.time=8:00AM|orig.date=1840-04-25|atb=13.33R
1840	5	7	7	35	0	984.8	orig=583.2R.s.l.|orig.time=10:00AM|orig.date=1840-04-25|atb=13.33R
1840	5	7	9	35	0	985.5	orig=583.6R.s.l.|orig.time=noon|orig.date=1840-04-25|atb=13.33R
1840	5	7	11	35	0	985.9	orig=583.8R.s.l.|orig.time=2:00PM|orig.date=1840-04-25|atb=13.33R
1840	5	7	13	35	0	986.4	orig=584.14R.s.l.|orig.time=4:00PM|orig.date=1840-04-25|atb=13.33R
1840	5	7	15	35	0	985.2	orig=583.4R.s.l.|orig.time=6:00PM|orig.date=1840-04-25|atb=13.33R
1840	5	7	17	35	0	985.4	orig=583.52R.s.l.|orig.time=8:00PM|orig.date=1840-04-25|atb=13.33R
1840	5	7	19	35	0	985	orig=583.32R.s.l.|orig.time=10:00PM|orig.date=1840-04-25|atb=13.33R
1840	5	8	3	35	0	985.2	orig=583.4R.s.l.|orig.time=6:00AM|orig.date=1840-04-26|atb=13.33R
1840	5	8	5	35	0	986.2	orig=584R.s.l.|orig.time=8:00AM|orig.date=1840-04-26|atb=13.33R
1840	5	8	7	35	0	986.1	orig=583.94R.s.l.|orig.time=10:00AM|orig.date=1840-04-26|atb=13.33R
1840	5	8	9	35	0	986.3	orig=584.08R.s.l.|orig.time=noon|orig.date=1840-04-26|atb=13.33R
1840	5	8	11	35	0	985.9	orig=583.82R.s.l.|orig.time=2:00PM|orig.date=1840-04-26|atb=13.33R
1840	5	8	13	35	0	986.6	orig=584.22R.s.l.|orig.time=4:00PM|orig.date=1840-04-26|atb=13.33R
1840	5	8	15	35	0	986.2	orig=584.02R.s.l.|orig.time=6:00PM|orig.date=1840-04-26|atb=13.33R
1840	5	8	17	35	0	986.1	orig=583.94R.s.l.|orig.time=8:00PM|orig.date=1840-04-26|atb=13.33R
1840	5	8	19	35	0	986.3	orig=584.05R.s.l.|orig.time=10:00PM|orig.date=1840-04-26|atb=13.33R
1840	5	9	3	35	0	985.2	orig=583.4R.s.l.|orig.time=6:00AM|orig.date=1840-04-27|atb=13.33R
1840	5	9	5	35	0	986.6	orig=584.22R.s.l.|orig.time=8:00AM|orig.date=1840-04-27|atb=13.33R
1840	5	9	7	35	0	986.6	orig=584.22R.s.l.|orig.time=10:00AM|orig.date=1840-04-27|atb=13.33R
1840	5	9	9	35	0	986.5	orig=584.16R.s.l.|orig.time=noon|orig.date=1840-04-27|atb=13.33R
1840	5	9	11	35	0	986.5	orig=584.16R.s.l.|orig.time=2:00PM|orig.date=1840-04-27|atb=13.33R
1840	5	9	13	35	0	986.5	orig=584.16R.s.l.|orig.time=4:00PM|orig.date=1840-04-27|atb=13.33R
1840	5	9	15	35	0	986.5	orig=584.16R.s.l.|orig.time=6:00PM|orig.date=1840-04-27|atb=13.33R
1840	5	9	17	35	0	986.5	orig=584.16R.s.l.|orig.time=8:00PM|orig.date=1840-04-27|atb=13.33R
1840	5	9	19	35	0	986.7	orig=584.28R.s.l.|orig.time=10:00PM|orig.date=1840-04-27|atb=13.33R
1840	5	10	3	35	0	986.2	orig=584.02R.s.l.|orig.time=6:00AM|orig.date=1840-04-28|atb=13.33R
1840	5	10	5	35	0	986.5	orig=584.16R.s.l.|orig.time=8:00AM|orig.date=1840-04-28|atb=13.33R
1840	5	10	7	35	0	986.4	orig=584.1R.s.l.|orig.time=10:00AM|orig.date=1840-04-28|atb=13.33R
1840	5	10	9	35	0	986.6	orig=584.24R.s.l.|orig.time=noon|orig.date=1840-04-28|atb=13.33R
1840	5	10	11	35	0	986.9	orig=584.44R.s.l.|orig.time=2:00PM|orig.date=1840-04-28|atb=13.33R
1840	5	10	13	35	0	986.8	orig=584.38R.s.l.|orig.time=4:00PM|orig.date=1840-04-28|atb=13.33R
1840	5	10	15	35	0	986.8	orig=584.38R.s.l.|orig.time=6:00PM|orig.date=1840-04-28|atb=13.33R
1840	5	10	17	35	0	986.9	orig=584.4R.s.l.|orig.time=8:00PM|orig.date=1840-04-28|atb=13.33R
1840	5	10	19	35	0	986.1	orig=583.96R.s.l.|orig.time=10:00PM|orig.date=1840-04-28|atb=13.33R
1840	5	11	3	35	0	987.7	orig=584.9R.s.l.|orig.time=6:00AM|orig.date=1840-04-29|atb=13.33R
1840	5	11	5	35	0	986.5	orig=584.16R.s.l.|orig.time=8:00AM|orig.date=1840-04-29|atb=13.33R
1840	5	11	7	35	0	987.1	orig=584.52R.s.l.|orig.time=10:00AM|orig.date=1840-04-29|atb=13.33R
1840	5	11	9	35	0	987.1	orig=584.52R.s.l.|orig.time=noon|orig.date=1840-04-29|atb=13.33R
1840	5	11	11	35	0	987.3	orig=584.65R.s.l.|orig.time=2:00PM|orig.date=1840-04-29|atb=13.33R
1840	5	11	13	35	0	987.1	orig=584.55R.s.l.|orig.time=4:00PM|orig.date=1840-04-29|atb=13.33R
1840	5	11	15	35	0	986.5	orig=584.18R.s.l.|orig.time=6:00PM|orig.date=1840-04-29|atb=13.33R
1840	5	11	17	35	0	986.3	orig=584.04R.s.l.|orig.time=8:00PM|orig.date=1840-04-29|atb=13.33R
1840	5	11	19	35	0	986.3	orig=584.04R.s.l.|orig.time=10:00PM|orig.date=1840-04-29|atb=13.33R
1840	5	12	3	35	0	986.7	orig=584.3R.s.l.|orig.time=6:00AM|orig.date=1840-04-30|atb=13.33R
1840	5	12	5	35	0	987.2	orig=584.58R.s.l.|orig.time=8:00AM|orig.date=1840-04-30|atb=13.33R
1840	5	12	7	35	0	987.7	orig=584.92R.s.l.|orig.time=10:00AM|orig.date=1840-04-30|atb=13.33R
1840	5	12	9	35	0	988	orig=585.05R.s.l.|orig.time=noon|orig.date=1840-04-30|atb=13.33R
1840	5	12	11	35	0	985.3	orig=583.48R.s.l.|orig.time=2:00PM|orig.date=1840-04-30|atb=13.33R
1840	5	12	13	35	0	985.6	orig=583.64R.s.l.|orig.time=4:00PM|orig.date=1840-04-30|atb=13.33R
1840	5	12	15	35	0	985.5	orig=583.58R.s.l.|orig.time=6:00PM|orig.date=1840-04-30|atb=13.33R
1840	5	12	17	35	0	985.2	orig=583.4R.s.l.|orig.time=8:00PM|orig.date=1840-04-30|atb=13.33R
1840	5	12	19	35	0	984.8	orig=583.2R.s.l.|orig.time=10:00PM|orig.date=1840-04-30|atb=13.33R
1840	6	1	3	35	0	994.5	orig=588.92R.s.l.|orig.time=6:00AM|orig.date=1840-05-20|atb=13.33R
1840	6	1	5	35	0	994.5	orig=588.92R.s.l.|orig.time=8:00AM|orig.date=1840-05-20|atb=13.33R
1840	6	1	7	35	0	996.1	orig=589.85R.s.l.|orig.time=10:00AM|orig.date=1840-05-20|atb=13.33R
1840	6	1	9	35	0	997.7	orig=590.79R.s.l.|orig.time=noon|orig.date=1840-05-20|atb=13.33R
1840	6	1	11	35	0	999.3	orig=591.79R.s.l.|orig.time=2:00PM|orig.date=1840-05-20|atb=13.33R
1840	6	1	13	35	0	999.1	orig=591.67R.s.l.|orig.time=4:00PM|orig.date=1840-05-20|atb=13.33R
1840	6	1	15	35	0	999.1	orig=591.67R.s.l.|orig.time=6:00PM|orig.date=1840-05-20|atb=13.33R
1840	6	1	17	35	0	996.4	orig=590.05R.s.l.|orig.time=8:00PM|orig.date=1840-05-20|atb=13.33R
1840	6	1	19	35	0	996.2	orig=589.92R.s.l.|orig.time=10:00PM|orig.date=1840-05-20|atb=13.33R
1840	6	2	3	35	0	996.2	orig=589.92R.s.l.|orig.time=6:00AM|orig.date=1840-05-21|atb=13.33R
1840	6	2	5	35	0	995	orig=589.22R.s.l.|orig.time=8:00AM|orig.date=1840-05-21|atb=13.33R
1840	6	2	7	35	0	996.6	orig=590.16R.s.l.|orig.time=10:00AM|orig.date=1840-05-21|atb=13.33R
1840	6	2	9	35	0	995.8	orig=589.7R.s.l.|orig.time=noon|orig.date=1840-05-21|atb=13.33R
1840	6	2	11	35	0	993.5	orig=588.32R.s.l.|orig.time=2:00PM|orig.date=1840-05-21|atb=13.33R
1840	6	2	13	35	0	993,4	orig=587.92R.s.l.|orig.time=4:00PM|orig.date=1840-05-21|atb=13.33R
1840	6	2	15	35	0	993	orig=588.04R.s.l.|orig.time=6:00PM|orig.date=1840-05-21|atb=13.33R
1840	6	2	17	35	0	993.5	orig=588.3R.s.l.|orig.time=8:00PM|orig.date=1840-05-21|atb=13.33R
1840	6	2	19	35	0	993.2	orig=588.16R.s.l.|orig.time=10:00PM|orig.date=1840-05-21|atb=13.33R
1840	6	3	3	35	0	993.4	orig=588.29R.s.l.|orig.time=6:00AM|orig.date=1840-05-22|atb=13.33R
1840	6	3	5	35	0	993.2	orig=588.16R.s.l.|orig.time=8:00AM|orig.date=1840-05-22|atb=13.33R
1840	6	3	7	35	0	993.2	orig=588.16R.s.l.|orig.time=10:00AM|orig.date=1840-05-22|atb=13.33R
1840	6	3	9	35	0	996.6	orig=590.15R.s.l.|orig.time=noon|orig.date=1840-05-22|atb=13.33R
1840	6	3	11	35	0	996.1	orig=589.89R.s.l.|orig.time=2:00PM|orig.date=1840-05-22|atb=13.33R
1840	6	3	13	35	0	996	orig=589.83R.s.l.|orig.time=4:00PM|orig.date=1840-05-22|atb=13.33R
1840	6	3	15	35	0	996	orig=589.83R.s.l.|orig.time=6:00PM|orig.date=1840-05-22|atb=13.33R
1840	6	3	17	35	0	996.1	orig=589.89R.s.l.|orig.time=8:00PM|orig.date=1840-05-22|atb=13.33R
1840	6	3	19	35	0	994.3	orig=588.79R.s.l.|orig.time=10:00PM|orig.date=1840-05-22|atb=13.33R
1840	6	4	3	35	0	994.7	orig=589.04R.s.l.|orig.time=6:00AM|orig.date=1840-05-23|atb=13.33R
1840	6	4	5	35	0	995.7	orig=589.64R.s.l.|orig.time=8:00AM|orig.date=1840-05-23|atb=13.33R
1840	6	4	7	35	0	992.8	orig=587.92R.s.l.|orig.time=10:00AM|orig.date=1840-05-23|atb=13.33R
1840	6	4	9	35	0	993.4	orig=588.25R.s.l.|orig.time=noon|orig.date=1840-05-23|atb=13.33R
1840	6	4	11	35	0	994.3	orig=588.79R.s.l.|orig.time=2:00PM|orig.date=1840-05-23|atb=13.33R
1840	6	4	13	35	0	994.3	orig=588.79R.s.l.|orig.time=4:00PM|orig.date=1840-05-23|atb=13.33R
1840	6	4	15	35	0	994.3	orig=588.79R.s.l.|orig.time=6:00PM|orig.date=1840-05-23|atb=13.33R
1840	6	4	17	35	0	992.7	orig=587.85R.s.l.|orig.time=8:00PM|orig.date=1840-05-23|atb=13.33R
1840	6	4	19	35	0	992.8	orig=587.92R.s.l.|orig.time=10:00PM|orig.date=1840-05-23|atb=13.33R
1840	6	5	3	35	0	993.4	orig=588.25R.s.l.|orig.time=6:00AM|orig.date=1840-05-24|atb=13.33R
1840	6	5	5	35	0	993.3	orig=588.19R.s.l.|orig.time=8:00AM|orig.date=1840-05-24|atb=13.33R
1840	6	5	7	35	0	998.7	orig=591.43R.s.l.|orig.time=10:00AM|orig.date=1840-05-24|atb=13.33R
1840	6	5	9	35	0	997.4	orig=590.62R.s.l.|orig.time=noon|orig.date=1840-05-24|atb=13.33R
1840	6	5	11	35	0	997.4	orig=590.62R.s.l.|orig.time=2:00PM|orig.date=1840-05-24|atb=13.33R
1840	6	5	13	35	0	997.4	orig=590.62R.s.l.|orig.time=4:00PM|orig.date=1840-05-24|atb=13.33R
1840	6	5	15	35	0	998.5	orig=591.27R.s.l.|orig.time=6:00PM|orig.date=1840-05-24|atb=13.33R
1840	6	5	17	35	0	998.2	orig=591.13R.s.l.|orig.time=8:00PM|orig.date=1840-05-24|atb=13.33R
1840	6	5	19	35	0	998.3	orig=591.19R.s.l.|orig.time=10:00PM|orig.date=1840-05-24|atb=13.33R
1840	6	6	3	35	0	994.3	orig=588.79R.s.l.|orig.time=6:00AM|orig.date=1840-05-25|atb=13.33R
1840	6	6	5	35	0	998.8	orig=591.47R.s.l.|orig.time=8:00AM|orig.date=1840-05-25|atb=13.33R
1840	6	6	7	35	0	997.7	orig=590.79R.s.l.|orig.time=10:00AM|orig.date=1840-05-25|atb=13.33R
1840	6	6	9	35	0	999.1	orig=591.62R.s.l.|orig.time=noon|orig.date=1840-05-25|atb=13.33R
1840	6	6	11	35	0	998.4	orig=591.22R.s.l.|orig.time=2:00PM|orig.date=1840-05-25|atb=13.33R
1840	6	6	13	35	0	998.6	orig=591.33R.s.l.|orig.time=4:00PM|orig.date=1840-05-25|atb=13.33R
1840	6	6	15	35	0	998.8	orig=591.47R.s.l.|orig.time=6:00PM|orig.date=1840-05-25|atb=13.33R
1840	6	6	17	35	0	998.5	orig=591.27R.s.l.|orig.time=8:00PM|orig.date=1840-05-25|atb=13.33R
1840	6	6	19	35	0	999	orig=591.59R.s.l.|orig.time=10:00PM|orig.date=1840-05-25|atb=13.33R
1840	6	7	3	35	0	992.7	orig=587.85R.s.l.|orig.time=6:00AM|orig.date=1840-05-26|atb=13.33R
1840	6	7	5	35	0	999.6	orig=591.92R.s.l.|orig.time=8:00AM|orig.date=1840-05-26|atb=13.33R
1840	6	7	7	35	0	996.7	orig=590.25R.s.l.|orig.time=10:00AM|orig.date=1840-05-26|atb=13.33R
1840	6	7	9	35	0	994.3	orig=588.79R.s.l.|orig.time=noon|orig.date=1840-05-26|atb=13.33R
1840	6	7	11	35	0	994.1	orig=588.67R.s.l.|orig.time=2:00PM|orig.date=1840-05-26|atb=13.33R
1840	6	7	13	35	0	994.3	orig=588.79R.s.l.|orig.time=4:00PM|orig.date=1840-05-26|atb=13.33R
1840	6	7	15	35	0	994.1	orig=588.67R.s.l.|orig.time=6:00PM|orig.date=1840-05-26|atb=13.33R
1840	6	7	17	35	0	994	orig=588.64R.s.l.|orig.time=8:00PM|orig.date=1840-05-26|atb=13.33R
1840	6	7	19	35	0	994	orig=588.64R.s.l.|orig.time=10:00PM|orig.date=1840-05-26|atb=13.33R
1840	6	8	3	35	0	993.6	orig=588.39R.s.l.|orig.time=6:00AM|orig.date=1840-05-27|atb=13.33R
1840	6	8	5	35	0	997.9	orig=590.92R.s.l.|orig.time=8:00AM|orig.date=1840-05-27|atb=13.33R
1840	6	8	7	35	0	1001.7	orig=593.19R.s.l.|orig.time=10:00AM|orig.date=1840-05-27|atb=13.33R
1840	6	8	9	35	0	1002.4	orig=593.62R.s.l.|orig.time=noon|orig.date=1840-05-27|atb=13.33R
1840	6	8	11	35	0	1004	orig=594.56R.s.l.|orig.time=2:00PM|orig.date=1840-05-27|atb=13.33R
1840	6	8	13	35	0	1002.4	orig=593.62R.s.l.|orig.time=4:00PM|orig.date=1840-05-27|atb=13.33R
1840	6	8	15	35	0	1002.3	orig=593.56R.s.l.|orig.time=6:00PM|orig.date=1840-05-27|atb=13.33R
1840	6	8	17	35	0	1001.7	orig=593.16R.s.l.|orig.time=8:00PM|orig.date=1840-05-27|atb=13.33R
1840	6	8	19	35	0	1001.9	orig=593.33R.s.l.|orig.time=10:00PM|orig.date=1840-05-27|atb=13.33R
1840	6	9	3	35	0	1002.3	orig=593.52R.s.l.|orig.time=6:00AM|orig.date=1840-05-28|atb=13.33R
1840	6	9	5	35	0	1002.1	orig=593.43R.s.l.|orig.time=8:00AM|orig.date=1840-05-28|atb=13.33R
1840	6	9	7	35	0	1000.5	orig=592.46R.s.l.|orig.time=10:00AM|orig.date=1840-05-28|atb=13.33R
1840	6	9	9	35	0	1002.3	orig=593.56R.s.l.|orig.time=noon|orig.date=1840-05-28|atb=13.33R
1840	6	9	11	35	0	1000.5	orig=592.49R.s.l.|orig.time=2:00PM|orig.date=1840-05-28|atb=13.33R
1840	6	9	13	35	0	1001.4	orig=593.03R.s.l.|orig.time=4:00PM|orig.date=1840-05-28|atb=13.33R
1840	6	9	15	35	0	1001.4	orig=593.03R.s.l.|orig.time=6:00PM|orig.date=1840-05-28|atb=13.33R
1840	6	9	17	35	0	1000.4	orig=592.43R.s.l.|orig.time=8:00PM|orig.date=1840-05-28|atb=13.33R
1840	6	9	19	35	0	999.8	orig=592.07R.s.l.|orig.time=10:00PM|orig.date=1840-05-28|atb=13.33R
1840	6	10	3	35	0	998.7	orig=591.39R.s.l.|orig.time=6:00AM|orig.date=1840-05-29|atb=13.33R
1840	6	10	5	35	0	999.1	orig=591.67R.s.l.|orig.time=8:00AM|orig.date=1840-05-29|atb=13.33R
1840	6	10	7	35	0	997.5	orig=590.69R.s.l.|orig.time=10:00AM|orig.date=1840-05-29|atb=13.33R
1840	6	10	9	35	0	998.4	orig=591.23R.s.l.|orig.time=noon|orig.date=1840-05-29|atb=13.33R
1840	6	10	11	35	0	996.8	orig=590.27R.s.l.|orig.time=2:00PM|orig.date=1840-05-29|atb=13.33R
1840	6	10	13	35	0	997	orig=590.43R.s.l.|orig.time=4:00PM|orig.date=1840-05-29|atb=13.33R
1840	6	10	15	35	0	997	orig=590.43R.s.l.|orig.time=6:00PM|orig.date=1840-05-29|atb=13.33R
1840	6	10	17	35	0	997	orig=590.43R.s.l.|orig.time=8:00PM|orig.date=1840-05-29|atb=13.33R
1840	6	10	19	35	0	996.6	orig=590.16R.s.l.|orig.time=10:00PM|orig.date=1840-05-29|atb=13.33R
1840	6	11	3	35	0	996	orig=589.79R.s.l.|orig.time=6:00AM|orig.date=1840-05-30|atb=13.33R
1840	6	11	5	35	0	995.9	orig=589.73R.s.l.|orig.time=8:00AM|orig.date=1840-05-30|atb=13.33R
1840	6	11	7	35	0	992.4	orig=587.67R.s.l.|orig.time=10:00AM|orig.date=1840-05-30|atb=13.33R
1840	6	11	9	35	0	998.3	orig=591.17R.s.l.|orig.time=noon|orig.date=1840-05-30|atb=13.33R
1840	6	11	11	35	0	991.6	orig=587.23R.s.l.|orig.time=2:00PM|orig.date=1840-05-30|atb=13.33R
1840	6	11	13	35	0	991.6	orig=587.23R.s.l.|orig.time=4:00PM|orig.date=1840-05-30|atb=13.33R
1840	6	11	15	35	0	994.3	orig=588.83R.s.l.|orig.time=6:00PM|orig.date=1840-05-30|atb=13.33R
1840	6	11	17	35	0	994.7	orig=589.03R.s.l.|orig.time=8:00PM|orig.date=1840-05-30|atb=13.33R
1840	6	11	19	35	0	990.5	orig=586.56R.s.l.|orig.time=10:00PM|orig.date=1840-05-30|atb=13.33R
1840	6	12	3	35	0	988.9	orig=585.59R.s.l.|orig.time=6:00AM|orig.date=1840-05-31|atb=13.33R
1840	6	12	5	35	0	989.2	orig=585.79R.s.l.|orig.time=8:00AM|orig.date=1840-05-31|atb=13.33R
1840	6	12	7	35	0	989.4	orig=585.92R.s.l.|orig.time=10:00AM|orig.date=1840-05-31|atb=13.33R
1840	6	12	9	35	0	988.7	orig=585.46R.s.l.|orig.time=noon|orig.date=1840-05-31|atb=13.33R
1840	6	12	11	35	0	988.7	orig=585.47R.s.l.|orig.time=2:00PM|orig.date=1840-05-31|atb=13.33R
1840	6	12	13	35	0	988.9	orig=585.62R.s.l.|orig.time=4:00PM|orig.date=1840-05-31|atb=13.33R
1840	6	12	15	35	0	988.9	orig=585.62R.s.l.|orig.time=6:00PM|orig.date=1840-05-31|atb=13.33R
1840	6	12	17	35	0	988.3	orig=585.22R.s.l.|orig.time=8:00PM|orig.date=1840-05-31|atb=13.33R
1840	6	12	19	35	0	988.3	orig=585.22R.s.l.|orig.time=10:00PM|orig.date=1840-05-31|atb=13.33R
1840	6	13	3	35	0	986.6	orig=584.25R.s.l.|orig.time=6:00AM|orig.date=1840-06-01|atb=13.33R
1840	6	13	5	35	0	989.2	orig=585.79R.s.l.|orig.time=8:00AM|orig.date=1840-06-01|atb=13.33R
1840	6	13	7	35	0	987.5	orig=584.79R.s.l.|orig.time=10:00AM|orig.date=1840-06-01|atb=13.33R
1840	6	13	9	35	0	989.1	orig=585.73R.s.l.|orig.time=noon|orig.date=1840-06-01|atb=13.33R
1840	6	13	11	35	0	989.1	orig=585.73R.s.l.|orig.time=2:00PM|orig.date=1840-06-01|atb=13.33R
1840	6	13	13	35	0	989	orig=585.67R.s.l.|orig.time=4:00PM|orig.date=1840-06-01|atb=13.33R
1840	6	13	15	35	0	989	orig=585.69R.s.l.|orig.time=6:00PM|orig.date=1840-06-01|atb=13.33R
1840	6	13	17	35	0	991.2	orig=586.99R.s.l.|orig.time=8:00PM|orig.date=1840-06-01|atb=13.33R
1840	6	13	19	35	0	989.3	orig=585.87R.s.l.|orig.time=10:00PM|orig.date=1840-06-01|atb=13.33R
1840	6	14	3	35	0	989.8	orig=586.13R.s.l.|orig.time=6:00AM|orig.date=1840-06-02|atb=13.33R
1840	6	14	5	35	0	990.4	orig=586.47R.s.l.|orig.time=8:00AM|orig.date=1840-06-02|atb=13.33R
1840	6	14	7	35	0	989.3	orig=585.87R.s.l.|orig.time=10:00AM|orig.date=1840-06-02|atb=13.33R
1840	6	14	9	35	0	989.2	orig=585.76R.s.l.|orig.time=noon|orig.date=1840-06-02|atb=13.33R
1840	6	14	11	35	0	988.9	orig=585.62R.s.l.|orig.time=2:00PM|orig.date=1840-06-02|atb=13.33R
1840	6	14	13	35	0	989.6	orig=586.02R.s.l.|orig.time=4:00PM|orig.date=1840-06-02|atb=13.33R
1840	6	14	15	35	0	990.5	orig=586.56R.s.l.|orig.time=6:00PM|orig.date=1840-06-02|atb=13.33R
1840	6	14	17	35	0	990.6	orig=586.62R.s.l.|orig.time=8:00PM|orig.date=1840-06-02|atb=13.33R
1840	6	14	19	35	0	990.6	orig=586.62R.s.l.|orig.time=10:00PM|orig.date=1840-06-02|atb=13.33R
1840	6	15	3	35	0	990.1	orig=586.33R.s.l.|orig.time=6:00AM|orig.date=1840-06-03|atb=13.33R
1840	6	15	5	35	0	990.9	orig=586.79R.s.l.|orig.time=8:00AM|orig.date=1840-06-03|atb=13.33R
1840	6	15	7	35	0	990.9	orig=586.79R.s.l.|orig.time=10:00AM|orig.date=1840-06-03|atb=13.33R
1840	6	15	9	35	0	990.8	orig=586.73R.s.l.|orig.time=noon|orig.date=1840-06-03|atb=13.33R
1840	6	15	11	35	0	992.2	orig=587.56R.s.l.|orig.time=2:00PM|orig.date=1840-06-03|atb=13.33R
1840	6	15	13	35	0	992.2	orig=587.56R.s.l.|orig.time=4:00PM|orig.date=1840-06-03|atb=13.33R
1840	6	15	15	35	0	992	orig=587.43R.s.l.|orig.time=6:00PM|orig.date=1840-06-03|atb=13.33R
1840	6	15	17	35	0	992.6	orig=587.77R.s.l.|orig.time=8:00PM|orig.date=1840-06-03|atb=13.33R
1840	6	15	19	35	0	992	orig=587.42R.s.l.|orig.time=10:00PM|orig.date=1840-06-03|atb=13.33R
1840	6	16	3	35	0	992.4	orig=587.67R.s.l.|orig.time=6:00AM|orig.date=1840-06-04|atb=13.33R
1840	6	16	5	35	0	992.3	orig=587.62R.s.l.|orig.time=8:00AM|orig.date=1840-06-04|atb=13.33R
1840	6	16	7	35	0	992.2	orig=587.56R.s.l.|orig.time=10:00AM|orig.date=1840-06-04|atb=13.33R
1840	6	16	9	35	0	992.2	orig=587.56R.s.l.|orig.time=noon|orig.date=1840-06-04|atb=13.33R
1840	6	16	11	35	0	992.2	orig=587.56R.s.l.|orig.time=2:00PM|orig.date=1840-06-04|atb=13.33R
1840	6	16	13	35	0	992	orig=587.43R.s.l.|orig.time=4:00PM|orig.date=1840-06-04|atb=13.33R
1840	6	16	15	35	0	992	orig=587.43R.s.l.|orig.time=6:00PM|orig.date=1840-06-04|atb=13.33R
1840	6	16	17	35	0	992.2	orig=587.57R.s.l.|orig.time=8:00PM|orig.date=1840-06-04|atb=13.33R
1840	6	16	19	35	0	992	orig=587.43R.s.l.|orig.time=10:00PM|orig.date=1840-06-04|atb=13.33R
1840	6	17	3	35	0	992.3	orig=587.64R.s.l.|orig.time=6:00AM|orig.date=1840-06-05|atb=13.33R
1840	6	17	5	35	0	992.3	orig=587.64R.s.l.|orig.time=8:00AM|orig.date=1840-06-05|atb=13.33R
1840	6	17	7	35	0	992.4	orig=587.69R.s.l.|orig.time=10:00AM|orig.date=1840-06-05|atb=13.33R
1840	6	17	9	35	0	992.4	orig=587.69R.s.l.|orig.time=noon|orig.date=1840-06-05|atb=13.33R
1840	6	17	11	35	0	992.2	orig=587.56R.s.l.|orig.time=2:00PM|orig.date=1840-06-05|atb=13.33R
1840	6	17	13	35	0	992.2	orig=587.56R.s.l.|orig.time=4:00PM|orig.date=1840-06-05|atb=13.33R
1840	6	17	15	35	0	992.8	orig=587.89R.s.l.|orig.time=6:00PM|orig.date=1840-06-05|atb=13.33R
1840	6	17	17	35	0	992.8	orig=587.89R.s.l.|orig.time=8:00PM|orig.date=1840-06-05|atb=13.33R
1840	6	17	19	35	0	992.3	orig=587.62R.s.l.|orig.time=10:00PM|orig.date=1840-06-05|atb=13.33R
1840	6	18	3	35	0	993.7	orig=588.43R.s.l.|orig.time=6:00AM|orig.date=1840-06-06|atb=13.33R
1840	6	18	5	35	0	993.2	orig=588.16R.s.l.|orig.time=8:00AM|orig.date=1840-06-06|atb=13.33R
1840	6	18	7	35	0	992.7	orig=587.85R.s.l.|orig.time=10:00AM|orig.date=1840-06-06|atb=13.33R
1840	6	18	9	35	0	992.8	orig=587.93R.s.l.|orig.time=noon|orig.date=1840-06-06|atb=13.33R
1840	6	18	11	35	0	992.9	orig=587.96R.s.l.|orig.time=2:00PM|orig.date=1840-06-06|atb=13.33R
1840	6	18	13	35	0	992.9	orig=587.96R.s.l.|orig.time=4:00PM|orig.date=1840-06-06|atb=13.33R
1840	6	18	15	35	0	992.9	orig=587.96R.s.l.|orig.time=6:00PM|orig.date=1840-06-06|atb=13.33R
1840	6	18	17	35	0	992.4	orig=587.67R.s.l.|orig.time=8:00PM|orig.date=1840-06-06|atb=13.33R
1840	6	18	19	35	0	992.4	orig=587.67R.s.l.|orig.time=10:00PM|orig.date=1840-06-06|atb=13.33R
1840	6	19	3	35	0	992.4	orig=587.67R.s.l.|orig.time=6:00AM|orig.date=1840-06-07|atb=13.33R
1840	6	19	5	35	0	992.4	orig=587.67R.s.l.|orig.time=8:00AM|orig.date=1840-06-07|atb=13.33R
1840	6	19	7	35	0	992.4	orig=587.69R.s.l.|orig.time=10:00AM|orig.date=1840-06-07|atb=13.33R
1840	6	19	9	35	0	992.8	orig=587.91R.s.l.|orig.time=noon|orig.date=1840-06-07|atb=13.33R
1840	6	19	11	35	0	993.4	orig=588.25R.s.l.|orig.time=2:00PM|orig.date=1840-06-07|atb=13.33R
1840	6	19	13	35	0	993.4	orig=588.25R.s.l.|orig.time=4:00PM|orig.date=1840-06-07|atb=13.33R
1840	6	19	15	35	0	993.5	orig=588.31R.s.l.|orig.time=6:00PM|orig.date=1840-06-07|atb=13.33R
1840	6	19	17	35	0	993.4	orig=588.29R.s.l.|orig.time=8:00PM|orig.date=1840-06-07|atb=13.33R
1840	6	19	19	35	0	993.4	orig=588.29R.s.l.|orig.time=10:00PM|orig.date=1840-06-07|atb=13.33R
1840	6	20	3	35	0	992.6	orig=587.79R.s.l.|orig.time=6:00AM|orig.date=1840-06-08|atb=13.33R
1840	6	20	5	35	0	992.8	orig=587.93R.s.l.|orig.time=8:00AM|orig.date=1840-06-08|atb=13.33R
1840	6	20	7	35	0	993.1	orig=588.07R.s.l.|orig.time=10:00AM|orig.date=1840-06-08|atb=13.33R
1840	6	20	9	35	0	993.6	orig=588.36R.s.l.|orig.time=noon|orig.date=1840-06-08|atb=13.33R
1840	6	20	11	35	0	994	orig=588.6R.s.l.|orig.time=2:00PM|orig.date=1840-06-08|atb=13.33R
1840	6	20	13	35	0	994.8	orig=589.11R.s.l.|orig.time=4:00PM|orig.date=1840-06-08|atb=13.33R
1840	6	20	15	35	0	994.8	orig=589.11R.s.l.|orig.time=6:00PM|orig.date=1840-06-08|atb=13.33R
1840	6	20	17	35	0	995.4	orig=589.43R.s.l.|orig.time=8:00PM|orig.date=1840-06-08|atb=13.33R
1840	6	20	19	35	0	995.4	orig=589.43R.s.l.|orig.time=10:00PM|orig.date=1840-06-08|atb=13.33R
1840	6	21	3	35	0	992.4	orig=587.67R.s.l.|orig.time=6:00AM|orig.date=1840-06-09|atb=13.33R
1840	6	21	5	35	0	992.4	orig=587.69R.s.l.|orig.time=8:00AM|orig.date=1840-06-09|atb=13.33R
1840	6	21	7	35	0	992.3	orig=587.62R.s.l.|orig.time=10:00AM|orig.date=1840-06-09|atb=13.33R
1840	6	21	9	35	0	992.8	orig=587.91R.s.l.|orig.time=noon|orig.date=1840-06-09|atb=13.33R
1840	6	21	11	35	0	993.4	orig=588.25R.s.l.|orig.time=2:00PM|orig.date=1840-06-09|atb=13.33R
1840	6	21	13	35	0	993.5	orig=588.31R.s.l.|orig.time=4:00PM|orig.date=1840-06-09|atb=13.33R
1840	6	21	15	35	0	993.7	orig=588.45R.s.l.|orig.time=6:00PM|orig.date=1840-06-09|atb=13.33R
1840	6	21	17	35	0	993.8	orig=588.52R.s.l.|orig.time=8:00PM|orig.date=1840-06-09|atb=13.33R
1840	6	21	19	35	0	993.8	orig=588.52R.s.l.|orig.time=10:00PM|orig.date=1840-06-09|atb=13.33R
1840	6	22	3	35	0	992.6	orig=587.79R.s.l.|orig.time=6:00AM|orig.date=1840-06-10|atb=13.33R
1840	6	22	5	35	0	992.8	orig=587.93R.s.l.|orig.time=8:00AM|orig.date=1840-06-10|atb=13.33R
1840	6	22	7	35	0	993	orig=588.04R.s.l.|orig.time=10:00AM|orig.date=1840-06-10|atb=13.33R
1840	6	22	9	35	0	991.9	orig=587.36R.s.l.|orig.time=noon|orig.date=1840-06-10|atb=13.33R
1840	6	22	11	35	0	994	orig=588.63R.s.l.|orig.time=2:00PM|orig.date=1840-06-10|atb=13.33R
1840	6	22	13	35	0	994.8	orig=589.11R.s.l.|orig.time=4:00PM|orig.date=1840-06-10|atb=13.33R
1840	6	22	15	35	0	994.8	orig=589.11R.s.l.|orig.time=6:00PM|orig.date=1840-06-10|atb=13.33R
1840	6	22	17	35	0	995.4	orig=589.43R.s.l.|orig.time=8:00PM|orig.date=1840-06-10|atb=13.33R
1840	6	22	19	35	0	995.4	orig=589.43R.s.l.|orig.time=10:00PM|orig.date=1840-06-10|atb=13.33R
1840	6	23	3	35	0	995.6	orig=589.56R.s.l.|orig.time=6:00AM|orig.date=1840-06-11|atb=13.33R
1840	6	23	5	35	0	993.3	orig=588.23R.s.l.|orig.time=8:00AM|orig.date=1840-06-11|atb=13.33R
1840	6	23	7	35	0	993.5	orig=588.31R.s.l.|orig.time=10:00AM|orig.date=1840-06-11|atb=13.33R
1840	6	23	9	35	0	994.5	orig=588.91R.s.l.|orig.time=noon|orig.date=1840-06-11|atb=13.33R
1840	6	23	11	35	0	995	orig=589.2R.s.l.|orig.time=2:00PM|orig.date=1840-06-11|atb=13.33R
1840	6	23	13	35	0	995	orig=589.2R.s.l.|orig.time=4:00PM|orig.date=1840-06-11|atb=13.33R
1840	6	23	15	35	0	995	orig=589.2R.s.l.|orig.time=6:00PM|orig.date=1840-06-11|atb=13.33R
1840	6	23	17	35	0	993.5	orig=588.31R.s.l.|orig.time=8:00PM|orig.date=1840-06-11|atb=13.33R
1840	6	23	19	35	0	993.5	orig=588.31R.s.l.|orig.time=10:00PM|orig.date=1840-06-11|atb=13.33R
1840	6	24	3	35	0	992.2	orig=587.57R.s.l.|orig.time=6:00AM|orig.date=1840-06-12|atb=13.33R
1840	6	24	5	35	0	992.4	orig=587.67R.s.l.|orig.time=8:00AM|orig.date=1840-06-12|atb=13.33R
1840	6	24	7	35	0	991.8	orig=587.31R.s.l.|orig.time=10:00AM|orig.date=1840-06-12|atb=13.33R
1840	6	24	9	35	0	992.1	orig=587.52R.s.l.|orig.time=noon|orig.date=1840-06-12|atb=13.33R
1840	6	24	11	35	0	992.8	orig=587.92R.s.l.|orig.time=2:00PM|orig.date=1840-06-12|atb=13.33R
1840	6	24	13	35	0	992.9	orig=588R.s.l.|orig.time=4:00PM|orig.date=1840-06-12|atb=13.33R
1840	6	24	15	35	0	993.3	orig=588.21R.s.l.|orig.time=6:00PM|orig.date=1840-06-12|atb=13.33R
1840	6	24	17	35	0	992.8	orig=587.92R.s.l.|orig.time=8:00PM|orig.date=1840-06-12|atb=13.33R
1840	6	24	19	35	0	992.8	orig=587.92R.s.l.|orig.time=10:00PM|orig.date=1840-06-12|atb=13.33R
1840	6	25	3	35	0	992.3	orig=587.62R.s.l.|orig.time=6:00AM|orig.date=1840-06-13|atb=13.33R
1840	6	25	5	35	0	993.6	orig=588.36R.s.l.|orig.time=8:00AM|orig.date=1840-06-13|atb=13.33R
1840	6	25	7	35	0	994.1	orig=588.69R.s.l.|orig.time=10:00AM|orig.date=1840-06-13|atb=13.33R
1840	6	25	9	35	0	994.7	orig=589.03R.s.l.|orig.time=noon|orig.date=1840-06-13|atb=13.33R
1840	6	25	11	35	0	995.3	orig=589.41R.s.l.|orig.time=2:00PM|orig.date=1840-06-13|atb=13.33R
1840	6	25	13	35	0	995.3	orig=589.41R.s.l.|orig.time=4:00PM|orig.date=1840-06-13|atb=13.33R
1840	6	25	15	35	0	994.4	orig=588.87R.s.l.|orig.time=6:00PM|orig.date=1840-06-13|atb=13.33R
1840	6	25	17	35	0	993.7	orig=588.47R.s.l.|orig.time=8:00PM|orig.date=1840-06-13|atb=13.33R
1840	6	25	19	35	0	993.7	orig=588.47R.s.l.|orig.time=10:00PM|orig.date=1840-06-13|atb=13.33R
1840	6	26	3	35	0	995.6	orig=589.56R.s.l.|orig.time=6:00AM|orig.date=1840-06-14|atb=13.33R
1840	6	26	5	35	0	993.3	orig=588.23R.s.l.|orig.time=8:00AM|orig.date=1840-06-14|atb=13.33R
1840	6	26	7	35	0	993.5	orig=588.31R.s.l.|orig.time=10:00AM|orig.date=1840-06-14|atb=13.33R
1840	6	26	9	35	0	994.5	orig=588.91R.s.l.|orig.time=noon|orig.date=1840-06-14|atb=13.33R
1840	6	26	11	35	0	995,6	orig=589.2R.s.l.|orig.time=2:00PM|orig.date=1840-06-14|atb=13.33R
1840	6	26	13	35	0	995,6	orig=589.2R.s.l.|orig.time=4:00PM|orig.date=1840-06-14|atb=13.33R
1840	6	26	15	35	0	995,6	orig=589.2R.s.l.|orig.time=6:00PM|orig.date=1840-06-14|atb=13.33R
1840	6	26	17	35	0	993.5	orig=588.31R.s.l.|orig.time=8:00PM|orig.date=1840-06-14|atb=13.33R
1840	6	26	19	35	0	993.5	orig=588.31R.s.l.|orig.time=10:00PM|orig.date=1840-06-14|atb=13.33R
1840	6	27	3	35	0	992.2	orig=587.57R.s.l.|orig.time=6:00AM|orig.date=1840-06-15|atb=13.33R
1840	6	27	5	35	0	992.4	orig=587.67R.s.l.|orig.time=8:00AM|orig.date=1840-06-15|atb=13.33R
1840	6	27	7	35	0	991.8	orig=587.31R.s.l.|orig.time=10:00AM|orig.date=1840-06-15|atb=13.33R
1840	6	27	9	35	0	991.4	orig=587.1R.s.l.|orig.time=noon|orig.date=1840-06-15|atb=13.33R
1840	6	27	11	35	0	989.9	orig=586.2R.s.l.|orig.time=2:00PM|orig.date=1840-06-15|atb=13.33R
1840	6	27	13	35	0	991.4	orig=587.11R.s.l.|orig.time=4:00PM|orig.date=1840-06-15|atb=13.33R
1840	6	27	15	35	0	991.9	orig=587.37R.s.l.|orig.time=6:00PM|orig.date=1840-06-15|atb=13.33R
1840	6	27	17	35	0	992.1	orig=587.49R.s.l.|orig.time=8:00PM|orig.date=1840-06-15|atb=13.33R
1840	6	27	19	35	0	995.3	orig=589.42R.s.l.|orig.time=10:00PM|orig.date=1840-06-15|atb=13.33R
1840	6	28	3	35	0	992.1	orig=587.49R.s.l.|orig.time=6:00AM|orig.date=1840-06-16|atb=13.33R
1840	6	28	5	35	0	992	orig=587.43R.s.l.|orig.time=8:00AM|orig.date=1840-06-16|atb=13.33R
1840	6	28	7	35	0	991.6	orig=587.19R.s.l.|orig.time=10:00AM|orig.date=1840-06-16|atb=13.33R
1840	6	28	9	35	0	990.3	orig=586.45R.s.l.|orig.time=noon|orig.date=1840-06-16|atb=13.33R
1840	6	28	11	35	0	991	orig=586.85R.s.l.|orig.time=2:00PM|orig.date=1840-06-16|atb=13.33R
1840	6	28	13	35	0	993.1	orig=588.11R.s.l.|orig.time=4:00PM|orig.date=1840-06-16|atb=13.33R
1840	6	28	15	35	0	992.7	orig=587.83R.s.l.|orig.time=6:00PM|orig.date=1840-06-16|atb=13.33R
1840	6	28	17	35	0	992.1	orig=587.49R.s.l.|orig.time=8:00PM|orig.date=1840-06-16|atb=13.33R
1840	6	28	19	35	0	991.9	orig=587.4R.s.l.|orig.time=10:00PM|orig.date=1840-06-16|atb=13.33R
1840	6	29	3	35	0	992.4	orig=587.67R.s.l.|orig.time=6:00AM|orig.date=1840-06-17|atb=13.33R
1840	6	29	5	35	0	992.4	orig=587.67R.s.l.|orig.time=8:00AM|orig.date=1840-06-17|atb=13.33R
1840	6	29	7	35	0	992.5	orig=587.76R.s.l.|orig.time=10:00AM|orig.date=1840-06-17|atb=13.33R
1840	6	29	9	35	0	992.9	orig=587.96R.s.l.|orig.time=noon|orig.date=1840-06-17|atb=13.33R
1840	6	29	11	35	0	993.7	orig=588.43R.s.l.|orig.time=2:00PM|orig.date=1840-06-17|atb=13.33R
1840	6	29	13	35	0	993.7	orig=588.43R.s.l.|orig.time=4:00PM|orig.date=1840-06-17|atb=13.33R
1840	6	29	15	35	0	994.3	orig=588.83R.s.l.|orig.time=6:00PM|orig.date=1840-06-17|atb=13.33R
1840	6	29	17	35	0	993.9	orig=588.56R.s.l.|orig.time=8:00PM|orig.date=1840-06-17|atb=13.33R
1840	6	29	19	35	0	993.9	orig=588.56R.s.l.|orig.time=10:00PM|orig.date=1840-06-17|atb=13.33R
1840	6	30	3	35	0	995.8	orig=589.67R.s.l.|orig.time=6:00AM|orig.date=1840-06-18|atb=13.33R
1840	6	30	5	35	0	996.4	orig=590.02R.s.l.|orig.time=8:00AM|orig.date=1840-06-18|atb=13.33R
1840	6	30	7	35	0	996.6	orig=590.17R.s.l.|orig.time=10:00AM|orig.date=1840-06-18|atb=13.33R
1840	6	30	9	35	0	996.8	orig=590.31R.s.l.|orig.time=noon|orig.date=1840-06-18|atb=13.33R
1840	6	30	11	35	0	996.8	orig=590.31R.s.l.|orig.time=2:00PM|orig.date=1840-06-18|atb=13.33R
1840	6	30	13	35	0	996.8	orig=590.31R.s.l.|orig.time=4:00PM|orig.date=1840-06-18|atb=13.33R
1840	6	30	15	35	0	996.9	orig=590.37R.s.l.|orig.time=6:00PM|orig.date=1840-06-18|atb=13.33R
1840	6	30	17	35	0	996.7	orig=590.23R.s.l.|orig.time=8:00PM|orig.date=1840-06-18|atb=13.33R
1840	6	30	19	35	0	996.7	orig=590.23R.s.l.|orig.time=10:00PM|orig.date=1840-06-18|atb=13.33R
1840	7	1	3	35	0	994.6	orig=588.97R.s.l.|orig.time=6:00AM|orig.date=1840-06-19|atb=13.33R
1840	7	1	5	35	0	994	orig=588.62R.s.l.|orig.time=8:00AM|orig.date=1840-06-19|atb=13.33R
1840	7	1	7	35	0	993.9	orig=588.56R.s.l.|orig.time=10:00AM|orig.date=1840-06-19|atb=13.33R
1840	7	1	9	35	0	993.9	orig=588.56R.s.l.|orig.time=noon|orig.date=1840-06-19|atb=13.33R
1840	7	1	11	35	0	993.7	orig=588.43R.s.l.|orig.time=2:00PM|orig.date=1840-06-19|atb=13.33R
1840	7	1	13	35	0	993.8	orig=588.51R.s.l.|orig.time=4:00PM|orig.date=1840-06-19|atb=13.33R
1840	7	1	15	35	0	993.9	orig=588.56R.s.l.|orig.time=6:00PM|orig.date=1840-06-19|atb=13.33R
1840	7	1	17	35	0	994	orig=588.62R.s.l.|orig.time=8:00PM|orig.date=1840-06-19|atb=13.33R
1840	7	1	19	35	0	994.2	orig=588.73R.s.l.|orig.time=10:00PM|orig.date=1840-06-19|atb=13.33R
1840	7	2	3	35	0	993.2	orig=588.16R.s.l.|orig.time=6:00AM|orig.date=1840-06-20|atb=13.33R
1840	7	2	5	35	0	993.7	orig=588.43R.s.l.|orig.time=8:00AM|orig.date=1840-06-20|atb=13.33R
1840	7	2	7	35	0	993.7	orig=588.43R.s.l.|orig.time=10:00AM|orig.date=1840-06-20|atb=13.33R
1840	7	2	9	35	0	994.1	orig=588.71R.s.l.|orig.time=noon|orig.date=1840-06-20|atb=13.33R
1840	7	2	11	35	0	994.1	orig=588.71R.s.l.|orig.time=2:00PM|orig.date=1840-06-20|atb=13.33R
1840	7	2	13	35	0	994.1	orig=588.71R.s.l.|orig.time=4:00PM|orig.date=1840-06-20|atb=13.33R
1840	7	2	15	35	0	995.1	orig=589.25R.s.l.|orig.time=6:00PM|orig.date=1840-06-20|atb=13.33R
1840	7	2	17	35	0	993.7	orig=588.43R.s.l.|orig.time=8:00PM|orig.date=1840-06-20|atb=13.33R
1840	7	2	19	35	0	994.3	orig=588.82R.s.l.|orig.time=10:00PM|orig.date=1840-06-20|atb=13.33R
1840	7	3	3	35	0	993.4	orig=588.27R.s.l.|orig.time=6:00AM|orig.date=1840-06-21|atb=13.33R
1840	7	3	5	35	0	994	orig=588.62R.s.l.|orig.time=8:00AM|orig.date=1840-06-21|atb=13.33R
1840	7	3	7	35	0	993.9	orig=588.56R.s.l.|orig.time=10:00AM|orig.date=1840-06-21|atb=13.33R
1840	7	3	9	35	0	993.9	orig=588.56R.s.l.|orig.time=noon|orig.date=1840-06-21|atb=13.33R
1840	7	3	11	35	0	993.7	orig=588.43R.s.l.|orig.time=2:00PM|orig.date=1840-06-21|atb=13.33R
1840	7	3	13	35	0	993.8	orig=588.51R.s.l.|orig.time=4:00PM|orig.date=1840-06-21|atb=13.33R
1840	7	3	15	35	0	993.9	orig=588.56R.s.l.|orig.time=6:00PM|orig.date=1840-06-21|atb=13.33R
1840	7	3	17	35	0	994	orig=588.62R.s.l.|orig.time=8:00PM|orig.date=1840-06-21|atb=13.33R
1840	7	3	19	35	0	994	orig=588.63R.s.l.|orig.time=10:00PM|orig.date=1840-06-21|atb=13.33R
1840	7	4	3	35	0	993.2	orig=588.16R.s.l.|orig.time=6:00AM|orig.date=1840-06-22|atb=13.33R
1840	7	4	5	35	0	993.7	orig=588.43R.s.l.|orig.time=8:00AM|orig.date=1840-06-22|atb=13.33R
1840	7	4	7	35	0	993.7	orig=588.43R.s.l.|orig.time=10:00AM|orig.date=1840-06-22|atb=13.33R
1840	7	4	9	35	0	994.1	orig=588.71R.s.l.|orig.time=noon|orig.date=1840-06-22|atb=13.33R
1840	7	4	11	35	0	994.1	orig=588.71R.s.l.|orig.time=2:00PM|orig.date=1840-06-22|atb=13.33R
1840	7	4	13	35	0	994.1	orig=588.71R.s.l.|orig.time=4:00PM|orig.date=1840-06-22|atb=13.33R
1840	7	4	15	35	0	995.1	orig=589.25R.s.l.|orig.time=6:00PM|orig.date=1840-06-22|atb=13.33R
1840	7	4	17	35	0	994.3	orig=588.83R.s.l.|orig.time=8:00PM|orig.date=1840-06-22|atb=13.33R
1840	7	4	19	35	0	994.2	orig=588.73R.s.l.|orig.time=10:00PM|orig.date=1840-06-22|atb=13.33R
1840	7	5	3	35	0	995.4	orig=589.43R.s.l.|orig.time=6:00AM|orig.date=1840-06-23|atb=13.33R
1840	7	5	5	35	0	995.1	orig=589.25R.s.l.|orig.time=8:00AM|orig.date=1840-06-23|atb=13.33R
1840	7	5	7	35	0	995.1	orig=589.25R.s.l.|orig.time=10:00AM|orig.date=1840-06-23|atb=13.33R
1840	7	5	9	35	0	995.6	orig=589.6R.s.l.|orig.time=noon|orig.date=1840-06-23|atb=13.33R
1840	7	5	11	35	0	996.3	orig=590R.s.l.|orig.time=2:00PM|orig.date=1840-06-23|atb=13.33R
1840	7	5	13	35	0	996.3	orig=590R.s.l.|orig.time=4:00PM|orig.date=1840-06-23|atb=13.33R
1840	7	5	15	35	0	996.3	orig=590R.s.l.|orig.time=6:00PM|orig.date=1840-06-23|atb=13.33R
1840	7	5	17	35	0	995.8	orig=589.71R.s.l.|orig.time=8:00PM|orig.date=1840-06-23|atb=13.33R
1840	7	5	19	35	0	995.8	orig=589.71R.s.l.|orig.time=10:00PM|orig.date=1840-06-23|atb=13.33R
1840	7	6	3	35	0	995.5	orig=589.49R.s.l.|orig.time=6:00AM|orig.date=1840-06-24|atb=13.33R
1840	7	6	5	35	0	995.2	orig=589.31R.s.l.|orig.time=8:00AM|orig.date=1840-06-24|atb=13.33R
1840	7	6	7	35	0	995.2	orig=589.31R.s.l.|orig.time=10:00AM|orig.date=1840-06-24|atb=13.33R
1840	7	6	9	35	0	995.4	orig=589.47R.s.l.|orig.time=noon|orig.date=1840-06-24|atb=13.33R
1840	7	6	11	35	0	993.6	orig=588.41R.s.l.|orig.time=2:00PM|orig.date=1840-06-24|atb=13.33R
1840	7	6	13	35	0	993.5	orig=588.35R.s.l.|orig.time=4:00PM|orig.date=1840-06-24|atb=13.33R
1840	7	6	15	35	0	995.5	orig=589.53R.s.l.|orig.time=6:00PM|orig.date=1840-06-24|atb=13.33R
1840	7	6	17	35	0	995.7	orig=589.65R.s.l.|orig.time=8:00PM|orig.date=1840-06-24|atb=13.33R
1840	7	6	19	35	0	995.8	orig=589.71R.s.l.|orig.time=10:00PM|orig.date=1840-06-24|atb=13.33R
1840	7	7	3	35	0	995.6	orig=589.56R.s.l.|orig.time=6:00AM|orig.date=1840-06-25|atb=13.33R
1840	7	7	5	35	0	995.4	orig=589.43R.s.l.|orig.time=8:00AM|orig.date=1840-06-25|atb=13.33R
1840	7	7	7	35	0	995	orig=589.2R.s.l.|orig.time=10:00AM|orig.date=1840-06-25|atb=13.33R
1840	7	7	9	35	0	995.4	orig=589.47R.s.l.|orig.time=noon|orig.date=1840-06-25|atb=13.33R
1840	7	7	11	35	0	995.2	orig=589.31R.s.l.|orig.time=2:00PM|orig.date=1840-06-25|atb=13.33R
1840	7	7	13	35	0	994.9	orig=589.13R.s.l.|orig.time=4:00PM|orig.date=1840-06-25|atb=13.33R
1840	7	7	15	35	0	995.1	orig=589.25R.s.l.|orig.time=6:00PM|orig.date=1840-06-25|atb=13.33R
1840	7	7	17	35	0	995.3	orig=589.37R.s.l.|orig.time=8:00PM|orig.date=1840-06-25|atb=13.33R
1840	7	7	19	35	0	995	orig=589.23R.s.l.|orig.time=10:00PM|orig.date=1840-06-25|atb=13.33R
1840	7	8	3	35	0	995.4	orig=589.43R.s.l.|orig.time=6:00AM|orig.date=1840-06-26|atb=13.33R
1840	7	8	5	35	0	995.1	orig=589.25R.s.l.|orig.time=8:00AM|orig.date=1840-06-26|atb=13.33R
1840	7	8	7	35	0	995.2	orig=589.31R.s.l.|orig.time=10:00AM|orig.date=1840-06-26|atb=13.33R
1840	7	8	9	35	0	994.7	orig=589.01R.s.l.|orig.time=noon|orig.date=1840-06-26|atb=13.33R
1840	7	8	11	35	0	994.7	orig=589.01R.s.l.|orig.time=2:00PM|orig.date=1840-06-26|atb=13.33R
1840	7	8	13	35	0	993.5	orig=588.35R.s.l.|orig.time=4:00PM|orig.date=1840-06-26|atb=13.33R
1840	7	8	15	35	0	993.5	orig=588.35R.s.l.|orig.time=6:00PM|orig.date=1840-06-26|atb=13.33R
1840	7	8	17	35	0	991.9	orig=587.37R.s.l.|orig.time=8:00PM|orig.date=1840-06-26|atb=13.33R
1840	7	8	19	35	0	993.7	orig=588.43R.s.l.|orig.time=10:00PM|orig.date=1840-06-26|atb=13.33R
1840	7	9	3	35	0	992.3	orig=587.59R.s.l.|orig.time=6:00AM|orig.date=1840-06-27|atb=13.33R
1840	7	9	5	35	0	994.4	orig=588.89R.s.l.|orig.time=8:00AM|orig.date=1840-06-27|atb=13.33R
1840	7	9	7	35	0	994.7	orig=589.02R.s.l.|orig.time=10:00AM|orig.date=1840-06-27|atb=13.33R
1840	7	9	9	35	0	994.8	orig=589.09R.s.l.|orig.time=noon|orig.date=1840-06-27|atb=13.33R
1840	7	9	11	35	0	995.4	orig=589.43R.s.l.|orig.time=2:00PM|orig.date=1840-06-27|atb=13.33R
1840	7	9	13	35	0	995.4	orig=589.43R.s.l.|orig.time=4:00PM|orig.date=1840-06-27|atb=13.33R
1840	7	9	15	35	0	995.4	orig=589.48R.s.l.|orig.time=6:00PM|orig.date=1840-06-27|atb=13.33R
1840	7	9	17	35	0	994.7	orig=589.03R.s.l.|orig.time=8:00PM|orig.date=1840-06-27|atb=13.33R
1840	7	9	19	35	0	994.1	orig=588.67R.s.l.|orig.time=10:00PM|orig.date=1840-06-27|atb=13.33R
1840	7	10	3	35	0	994.1	orig=588.67R.s.l.|orig.time=6:00AM|orig.date=1840-06-28|atb=13.33R
1840	7	10	5	35	0	994.6	orig=588.96R.s.l.|orig.time=8:00AM|orig.date=1840-06-28|atb=13.33R
1840	7	10	7	35	0	994.7	orig=589.03R.s.l.|orig.time=10:00AM|orig.date=1840-06-28|atb=13.33R
1840	7	10	9	35	0	995.1	orig=589.25R.s.l.|orig.time=noon|orig.date=1840-06-28|atb=13.33R
1840	7	10	11	35	0	994.2	orig=588.73R.s.l.|orig.time=2:00PM|orig.date=1840-06-28|atb=13.33R
1840	7	10	13	35	0	994.2	orig=588.73R.s.l.|orig.time=4:00PM|orig.date=1840-06-28|atb=13.33R
1840	7	10	15	35	0	993.9	orig=588.57R.s.l.|orig.time=6:00PM|orig.date=1840-06-28|atb=13.33R
1840	7	10	17	35	0	993.4	orig=588.26R.s.l.|orig.time=8:00PM|orig.date=1840-06-28|atb=13.33R
1840	7	10	19	35	0	994.6	orig=588.96R.s.l.|orig.time=10:00PM|orig.date=1840-06-28|atb=13.33R
1840	7	11	3	35	0	993.4	orig=588.26R.s.l.|orig.time=6:00AM|orig.date=1840-06-29|atb=13.33R
1840	7	11	5	35	0	993.9	orig=588.56R.s.l.|orig.time=8:00AM|orig.date=1840-06-29|atb=13.33R
1840	7	11	7	35	0	994.7	orig=589.03R.s.l.|orig.time=10:00AM|orig.date=1840-06-29|atb=13.33R
1840	7	11	9	35	0	994.7	orig=589.03R.s.l.|orig.time=noon|orig.date=1840-06-29|atb=13.33R
1840	7	11	11	35	0	995.2	orig=589.31R.s.l.|orig.time=2:00PM|orig.date=1840-06-29|atb=13.33R
1840	7	11	13	35	0	995.2	orig=589.31R.s.l.|orig.time=4:00PM|orig.date=1840-06-29|atb=13.33R
1840	7	11	15	35	0	995.4	orig=589.43R.s.l.|orig.time=6:00PM|orig.date=1840-06-29|atb=13.33R
1840	7	11	17	35	0	993.2	orig=588.16R.s.l.|orig.time=8:00PM|orig.date=1840-06-29|atb=13.33R
1840	7	11	19	35	0	994.7	orig=589.02R.s.l.|orig.time=10:00PM|orig.date=1840-06-29|atb=13.33R
1840	7	12	3	35	0	993.4	orig=588.26R.s.l.|orig.time=6:00AM|orig.date=1840-06-30|atb=13.33R
1840	7	12	5	35	0	993.9	orig=588.56R.s.l.|orig.time=8:00AM|orig.date=1840-06-30|atb=13.33R
1840	7	12	7	35	0	994.7	orig=589.03R.s.l.|orig.time=10:00AM|orig.date=1840-06-30|atb=13.33R
1840	7	12	9	35	0	994.7	orig=589.03R.s.l.|orig.time=noon|orig.date=1840-06-30|atb=13.33R
1840	7	12	11	35	0	995.2	orig=589.31R.s.l.|orig.time=2:00PM|orig.date=1840-06-30|atb=13.33R
1840	7	12	13	35	0	995.1	orig=589.25R.s.l.|orig.time=4:00PM|orig.date=1840-06-30|atb=13.33R
1840	7	12	15	35	0	995.2	orig=589.31R.s.l.|orig.time=6:00PM|orig.date=1840-06-30|atb=13.33R
1840	7	12	17	35	0	994.7	orig=589.03R.s.l.|orig.time=8:00PM|orig.date=1840-06-30|atb=13.33R
1840	7	12	19	35	0	994.3	orig=588.83R.s.l.|orig.time=10:00PM|orig.date=1840-06-30|atb=13.33R